"Time (s)";"Gyroscope x (rad/s)";"Gyroscope y (rad/s)";"Gyroscope z (rad/s)";"Absolute (rad/s)"
2.809083334E-2;-3.828201890E-1;-2.589736283E-1;-6.515656412E-2;4.667590547E-1
3.801283333E-2;-3.648308814E-1;-2.442869693E-1;-8.159914613E-2;4.465827090E-1
4.793483333E-2;-3.375358582E-1;-2.212450355E-1;-9.360067546E-2;4.142956767E-1
5.785683333E-2;-3.030275702E-1;-1.887613982E-1;-9.633469582E-2;3.697795930E-1
6.777983333E-2;-2.699055672E-1;-1.446280330E-1;-8.888184279E-2;3.188514781E-1
7.770145833E-2;-2.436379939E-1;-9.601093084E-2;-6.960158795E-2;2.709648538E-1
8.762345833E-2;-2.326037288E-1;-5.610239506E-2;-4.558840021E-2;2.435780688E-1
9.754645833E-2;-2.216714919E-1;-2.931107208E-2;-2.276496962E-2;2.247568310E-1
1.074684583E-1;-1.955091357E-1;4.380044993E-3;-3.521235194E-3;1.955898925E-1
1.173904583E-1;-1.677035093E-1;3.387738019E-2;1.097387448E-2;1.714426139E-1
1.273124583E-1;-1.417392939E-1;5.170032009E-2;1.439710148E-2;1.515593187E-1
1.372354583E-1;-1.220176592E-1;4.901850224E-2;1.633400097E-2;1.325063105E-1
1.471574583E-1;-1.147991642E-1;3.465341032E-2;1.187773421E-2;1.205022304E-1
1.570794583E-1;-1.050989032E-1;5.761760287E-3;7.363545708E-3;1.055139760E-1
1.670024583E-1;-9.595441073E-2;-1.806580834E-2;-4.477400798E-3;9.774287436E-2
1.769244583E-1;-8.361791819E-2;-2.653693780E-2;-1.001958735E-2;8.829811686E-2
1.868464583E-1;-7.652644813E-2;-3.309683502E-2;-1.341245510E-2;8.444875193E-2
1.967694583E-1;-7.759476453E-2;-4.551751167E-2;-9.346667677E-3;9.044419024E-2
2.066914583E-1;-8.363294601E-2;-5.068431050E-2;-1.387012191E-3;9.780231486E-2
2.166134583E-1;-9.735045582E-2;-4.979902133E-2;8.090697229E-3;1.096472214E-1
2.265354584E-1;-1.094896793E-1;-4.262446240E-2;1.247798838E-2;1.181547074E-1
2.364584583E-1;-1.152579859E-1;-3.984019160E-2;1.880900748E-2;1.233913406E-1
2.463804583E-1;-1.271474063E-1;-4.345756397E-2;2.303597704E-2;1.363293037E-1
2.563024584E-1;-1.432430893E-1;-5.910589173E-2;2.476407960E-2;1.569246594E-1
2.662254583E-1;-1.559849828E-1;-7.427845150E-2;2.598300576E-2;1.747103884E-1
2.761474583E-1;-1.662224084E-1;-7.860684395E-2;2.268211544E-2;1.852657641E-1
2.860694584E-1;-1.802815050E-1;-7.560253143E-2;1.315652113E-2;1.959343202E-1
2.959914583E-1;-1.833667010E-1;-7.657122612E-2;1.067957282E-2;1.989988768E-1
3.059144583E-1;-1.808137894E-1;-6.285568327E-2;1.434115320E-2;1.919638821E-1
3.158364584E-1;-1.788051128E-1;-3.842438385E-2;1.690635458E-2;1.836668900E-1
3.257584583E-1;-1.681969464E-1;-1.994684152E-2;2.366652153E-2;1.710210323E-1
3.356814583E-1;-1.579575241E-1;-1.629470102E-2;2.527873032E-2;1.607952453E-1
3.456034584E-1;-1.507307738E-1;-3.121666051E-2;2.988227271E-2;1.568030494E-1
3.555254583E-1;-1.370599717E-1;-4.098271951E-2;3.101637028E-2;1.463797608E-1
3.654474583E-1;-1.344066709E-1;-4.399768636E-2;2.056026831E-2;1.429114209E-1
3.753704584E-1;-1.354687959E-1;-5.333727226E-2;3.627473954E-3;1.456359085E-1
3.852924583E-1;-1.419919431E-1;-4.578907415E-2;-6.421431433E-3;1.493304591E-1
3.952144583E-1;-1.468227953E-1;-3.931120038E-2;-9.708194993E-3;1.523041455E-1
4.051374584E-1;-1.486790180E-1;-2.504384704E-2;-1.059635915E-2;1.511453853E-1
4.150594583E-1;-1.424987614E-1;-2.036736161E-2;-1.416321006E-2;1.446420511E-1
4.249814583E-1;-1.274678856E-1;-2.228856646E-2;-1.678908616E-2;1.304864570E-1
4.349044584E-1;-8.312895149E-2;1.065343171E-1;2.262771130E-3;1.351484496E-1
4.448264583E-1;-6.058236584E-2;7.844675332E-2;3.375837952E-2;1.047079001E-1
4.547484583E-1;-7.180995494E-2;-8.222557604E-3;4.999147728E-2;8.788303524E-2
4.646704583E-1;-9.934304655E-2;-5.692831054E-2;4.361480474E-2;1.225239757E-1
4.745934583E-1;-9.997848421E-2;-6.070363894E-2;1.801992953E-2;1.183441885E-1
4.845154583E-1;-8.753300458E-2;-4.416860640E-2;1.484144665E-2;9.916229738E-2
4.944374583E-1;-8.055461943E-2;-2.230037935E-2;2.244711854E-2;8.654609617E-2
5.043604583E-1;-9.027249366E-2;-1.719749719E-2;3.162277117E-2;9.718475538E-2
5.142824583E-1;-1.143776476E-1;-2.995500714E-2;2.232502587E-2;1.203243762E-1
5.242044583E-1;-1.273179501E-1;-4.234776273E-2;1.987624913E-2;1.356401810E-1
5.341264583E-1;-1.400043368E-1;-4.953724891E-2;2.274685353E-2;1.502417143E-1
5.440494583E-1;-1.651770622E-1;-4.894203320E-2;2.344247140E-2;1.738629746E-1
5.539714583E-1;-1.869247705E-1;-4.645746574E-2;9.055220522E-3;1.928241763E-1
5.638934583E-1;-2.002163529E-1;-5.443949252E-2;4.224245436E-3;2.075285296E-1
5.738164583E-1;-1.925747395E-1;-6.497509032E-2;8.149189875E-3;2.034040362E-1
5.837384583E-1;-1.776178926E-1;-3.866332024E-2;6.458614953E-3;1.818919509E-1
5.936604583E-1;-1.790379286E-1;-6.530033797E-2;2.098229900E-2;1.917262916E-1
6.035824583E-1;-1.840374768E-1;-8.906239271E-2;3.610106558E-2;2.076178932E-1
6.135054583E-1;-1.824350655E-1;-1.195718348E-1;4.250483960E-2;2.222310469E-1
6.234274583E-1;-1.911545247E-1;-1.600774527E-1;4.673713818E-2;2.536714474E-1
6.333494583E-1;-2.044298500E-1;-1.761421710E-1;4.630144313E-2;2.737908903E-1
6.432724583E-1;-2.183059752E-1;-1.885234714E-1;4.279991984E-2;2.915997791E-1
6.531944583E-1;-2.475949079E-1;-2.270802110E-1;3.812556714E-2;3.381156896E-1
6.631164583E-1;-2.957733572E-1;-2.898751795E-1;2.832034044E-2;4.151042522E-1
6.730384583E-1;-3.577555418E-1;-3.389666378E-1;1.921373606E-2;4.932104793E-1
6.829614583E-1;-3.929377496E-1;-3.429547250E-1;1.667494327E-2;5.218199615E-1
6.928834583E-1;-4.021389484E-1;-3.447346985E-1;1.241111383E-2;5.298224061E-1
7.028054583E-1;-4.151471555E-1;-3.598521352E-1;9.171911515E-3;5.494768820E-1
7.127284583E-1;-3.922137618E-1;-3.054363132E-1;1.032015868E-2;4.972217634E-1
7.226504583E-1;-3.293173611E-1;-2.578730583E-1;1.006556023E-2;4.183894765E-1
7.325724583E-1;-2.610903680E-1;-2.085495293E-1;1.616560481E-2;3.345480731E-1
7.424944583E-1;-1.867360026E-1;-1.742834300E-1;1.745457388E-2;2.560267774E-1
7.524174583E-1;-1.088715792E-1;-1.182377785E-1;2.173423953E-2;1.621899201E-1
7.623394583E-1;-2.727472410E-2;-7.835774124E-2;2.891865186E-2;8.786429657E-2
7.722614583E-1;4.897157848E-2;-5.435146764E-2;4.267254472E-2;8.469500343E-2
7.821844583E-1;1.414335221E-1;-6.897372007E-2;4.982973263E-2;1.650570128E-1
7.921064583E-1;2.397765517E-1;-9.310843050E-2;6.505968422E-2;2.653200654E-1
8.020284583E-1;3.669118583E-1;-6.266184151E-2;7.887190580E-2;3.804886275E-1
8.119504583E-1;5.363681912E-1;1.574549824E-2;1.084048077E-1;5.474398228E-1
8.218734583E-1;7.462282181E-1;1.548748910E-1;1.394929588E-1;7.747909853E-1
8.317954583E-1;9.960392118E-1;3.477880359E-1;1.653562933E-1;1.067892004E0
8.417174583E-1;1.278804064E0;5.665574074E-1;1.986439377E-1;1.412723095E0
8.516404583E-1;1.584778666E0;7.088023424E-1;2.450699359E-1;1.753277917E0
8.615624583E-1;1.879997730E0;7.907073498E-1;2.734602988E-1;2.057763377E0
8.714844583E-1;2.123658419E0;8.694899082E-1;2.629117966E-1;2.309774966E0
8.814074583E-1;2.274230242E0;9.369357824E-1;2.225177586E-1;2.469713750E0
8.913294583E-1;2.354474545E0;9.152044058E-1;1.838831753E-1;2.532777627E0
9.012514583E-1;2.407272577E0;8.069189787E-1;1.704770774E-1;2.544630019E0
9.111734583E-1;2.424003363E0;6.865630150E-1;1.711818427E-1;2.525166192E0
9.210964583E-1;2.296967268E0;4.442236125E-1;1.732465923E-1;2.345934277E0
9.310184583E-1;2.082071066E0;1.718310416E-1;1.511313468E-1;2.094608917E0
9.409404583E-1;1.871371269E0;-4.296594299E-3;1.190794036E-1;1.875161004E0
9.508634583E-1;1.686478853E0;-7.033635676E-2;9.636841714E-2;1.690693644E0
9.607854583E-1;1.565774560E0;-8.924160898E-2;8.001927286E-2;1.570355731E0
9.707074583E-1;1.516797900E0;-1.278692484E-1;5.680117011E-2;1.523237601E0
9.806294583E-1;1.531188011E0;-2.030420303E-1;1.419059280E-2;1.544656649E0
9.905524583E-1;1.573256493E0;-2.125362605E-1;-3.312969580E-2;1.587893331E0
1.000474458E0;1.623366833E0;-2.063744962E-1;-6.708073616E-2;1.637806500E0
1.010396458E0;1.680138826E0;-2.034995556E-1;-6.650590897E-2;1.693724175E0
1.020319458E0;1.720104933E0;-1.679349095E-1;-5.461596698E-2;1.729146037E0
1.030241458E0;1.741915107E0;-9.616561234E-2;-5.619354174E-2;1.745472365E0
1.040163458E0;1.769070506E0;-3.285242617E-2;-7.649748027E-2;1.771028402E0
1.050085458E0;1.795666933E0;-3.133695573E-2;-1.108535677E-1;1.799358289E0
1.060008458E0;1.823023438E0;-2.887832746E-2;-1.280141771E-1;1.827740694E0
1.069930458E0;1.861601233E0;-3.118170239E-2;-1.212793738E-1;1.865808173E0
1.079851958E0;1.896083355E0;-6.848300248E-2;-1.122459322E-1;1.900637041E0
1.089774958E0;1.896277905E0;-1.347964853E-1;-9.220562875E-2;1.903297628E0
1.099696958E0;1.861475229E0;-1.793573052E-1;-7.488309592E-2;1.871594654E0
1.109618958E0;1.810855865E0;-2.264281213E-1;-5.653330311E-2;1.825832597E0
1.119540958E0;1.748976707E0;-2.549170256E-1;-2.538443916E-2;1.767638703E0
1.129463958E0;1.677313566E0;-2.149338126E-1;1.322153024E-3;1.691029004E0
1.139385958E0;1.618979454E0;-1.270998269E-1;1.649125293E-2;1.624044581E0
1.149307958E0;1.555499554E0;-7.944355905E-2;3.195519745E-2;1.557854703E0
1.159230958E0;1.521839857E0;-1.025944129E-1;2.917592414E-2;1.525573138E0
1.169152958E0;1.467623830E0;-9.415824711E-2;3.395290300E-2;1.471033066E0
1.179074958E0;1.406274438E0;-1.238940433E-1;4.132080451E-2;1.412326073E0
1.188997958E0;1.351173401E0;-9.328589588E-2;3.407226875E-2;1.354818341E0
1.198919958E0;1.317292571E0;-1.106062979E-1;1.770048589E-2;1.322046436E0
1.208841958E0;1.294996738E0;-1.361229569E-1;1.874689944E-2;1.302266278E0
1.218763958E0;1.292027354E0;-1.466624141E-1;3.886734694E-2;1.300905538E0
1.228686958E0;1.300319672E0;-1.298463345E-1;6.039727479E-2;1.308181620E0
1.238608958E0;1.310395956E0;-6.402763724E-2;7.626997679E-2;1.314174345E0
1.248530958E0;1.297009826E0;4.088224843E-2;7.645638287E-2;1.299904391E0
1.258452958E0;1.272224069E0;1.306771189E-1;6.392461061E-2;1.280514329E0
1.268375958E0;1.233577490E0;1.288338155E-1;4.894830287E-2;1.241252397E0
1.278297958E0;1.178658843E0;9.266835451E-2;4.380973428E-2;1.183107512E0
1.288219958E0;1.132036805E0;2.320918627E-2;4.816710576E-2;1.133298753E0
1.298142958E0;1.093069434E0;-3.185136244E-3;8.366837353E-2;1.096271558E0
1.308064958E0;1.079600930E0;-8.611086011E-2;1.241697297E-1;1.090124475E0
1.317986958E0;1.052082181E0;-2.031392008E-1;1.458404064E-1;1.081393487E0
1.327909958E0;9.975752831E-1;-2.364289463E-1;1.511256397E-1;1.036288594E0
1.337831958E0;9.567042589E-1;-1.958860606E-1;1.536250263E-1;9.885621055E-1
1.347753958E0;9.161241055E-1;-1.339423805E-1;1.425060481E-1;9.367667328E-1
1.357675958E0;8.726091385E-1;-5.952459946E-2;1.306613684E-1;8.843428519E-1
1.367598958E0;8.059043288E-1;-2.334651910E-2;1.089504287E-1;8.135705520E-1
1.377520958E0;7.200802565E-1;3.299717978E-2;7.038599253E-2;7.242641628E-1
1.387442958E0;6.452390552E-1;8.163115382E-2;3.772334009E-2;6.514753518E-1
1.397365958E0;5.730069280E-1;7.181154191E-2;1.671686210E-2;5.777311577E-1
1.407287958E0;5.047718287E-1;1.208511516E-1;-6.519428454E-3;5.190781278E-1
1.417209958E0;4.508462846E-1;1.697465330E-1;-1.406150032E-2;4.819481130E-1
1.427131958E0;4.119293690E-1;1.779051572E-1;-2.098584361E-2;4.491953424E-1
1.437054958E0;3.724549413E-1;2.023854703E-1;-1.668057777E-2;4.242178727E-1
1.446976958E0;3.431887031E-1;1.585325897E-1;-1.347426698E-2;3.782758567E-1
1.456898958E0;3.105393946E-1;1.236113682E-1;8.033688180E-3;3.343337047E-1
1.466821958E0;2.419269830E-1;5.537701771E-2;2.790427394E-2;2.497477281E-1
1.476743958E0;1.382578462E-1;6.697215885E-2;2.501581050E-2;1.556479774E-1
1.486665958E0;3.790601715E-2;9.164570272E-2;2.252202109E-2;1.017007492E-1
1.496587958E0;-2.885729633E-2;1.447496712E-1;3.517975658E-2;1.517327458E-1
1.506510958E0;-9.099821001E-2;1.142294854E-1;4.230911657E-2;1.520496988E-1
1.516432958E0;-2.019351125E-1;1.051563621E-1;3.036137484E-2;2.296899284E-1
1.526354958E0;-3.395003676E-1;1.424437165E-1;1.429970283E-2;3.684497164E-1
1.536277958E0;-4.822452664E-1;1.852361858E-1;2.607327327E-2;5.172550213E-1
1.546199958E0;-6.082643270E-1;1.944073439E-1;2.247681469E-2;6.389717632E-1
1.556121958E0;-7.347985506E-1;1.969687790E-1;2.124937717E-3;7.607431401E-1
1.566043958E0;-8.492490053E-1;2.038684040E-1;-2.186160907E-2;8.736498893E-1
1.575966958E0;-9.654722810E-1;1.781971306E-1;-2.731949091E-2;9.821595070E-1
1.585888958E0;-1.100705385E0;1.494957358E-1;-2.362864837E-2;1.111062389E0
1.595810958E0;-1.246709824E0;1.337543130E-1;-4.017113894E-2;1.254507601E0
1.605733958E0;-1.376861691E0;1.195128560E-1;-4.574763775E-2;1.382795822E0
1.615655958E0;-1.495552897E0;1.018038988E-1;-4.273240641E-2;1.499622806E0
1.625577958E0;-1.608899474E0;1.181715876E-1;-4.726429656E-2;1.613925635E0
1.635500958E0;-1.732476473E0;1.461195946E-1;-5.716193467E-2;1.739566944E0
1.645422958E0;-1.858335376E0;1.695862710E-1;-7.268819958E-2;1.867472475E0
1.655344958E0;-1.994282007E0;1.637504846E-1;-9.384594858E-2;2.003192953E0
1.665266958E0;-2.158829212E0;1.269534826E-1;-1.108674854E-1;2.165398890E0
1.675189958E0;-2.333111286E0;7.173284888E-2;-1.043483317E-1;2.336544981E0
1.685111958E0;-2.489996433E0;3.864232451E-2;-8.901982009E-2;2.491886834E0
1.695033958E0;-2.597948074E0;5.078181252E-2;-5.963796005E-2;2.599128638E0
1.704956958E0;-2.639553547E0;1.222439706E-1;-2.662071958E-2;2.642516826E0
1.714878958E0;-2.612548590E0;2.390962839E-1;-2.444118634E-2;2.623580481E0
1.724800958E0;-2.557222128E0;3.133082390E-1;-6.596503407E-2;2.577188090E0
1.734722958E0;-2.525994778E0;3.729747534E-1;-1.226341724E-1;2.556325277E0
1.744645958E0;-2.534489632E0;3.402468264E-1;-1.869204789E-1;2.564048529E0
1.754567958E0;-2.576052904E0;2.896957695E-1;-2.289491594E-1;2.602381586E0
1.764489958E0;-2.606143236E0;2.305107713E-1;-2.377947569E-1;2.627101850E0
1.774412958E0;-2.601066113E0;1.567747593E-1;-2.124995291E-1;2.614436707E0
1.784334958E0;-2.567577362E0;8.738198131E-2;-1.625234634E-1;2.574199487E0
1.794256958E0;-2.494565725E0;6.834406406E-3;-9.543790668E-2;2.496400060E0
1.804178958E0;-2.369956017E0;-1.284853518E-1;-5.232720450E-2;2.374013088E0
1.814101958E0;-2.201347828E0;-2.453970611E-1;-4.912368953E-2;2.215528179E0
1.824023958E0;-2.028180599E0;-2.337306738E-1;-5.026512593E-2;2.042222601E0
1.833945958E0;-1.873421550E0;-7.178702950E-2;-6.525313109E-2;1.875931676E0
1.843868958E0;-1.739434958E0;3.386430442E-2;-9.795215726E-2;1.742519839E0
1.853790958E0;-1.692649126E0;3.290849552E-2;-1.227706820E-1;1.697414703E0
1.863712958E0;-1.744900346E0;-9.085817263E-3;-1.131789833E-1;1.748590647E0
1.873634958E0;-1.853852987E0;-1.715008169E-1;-9.328649938E-2;1.864104557E0
1.883557958E0;-1.960924983E0;-3.107517660E-1;-8.978864551E-2;1.987424326E0
1.893479958E0;-2.063990831E0;-3.849692643E-1;-6.819973141E-2;2.100692907E0
1.903401958E0;-2.098289728E0;-4.492123425E-1;-9.005727619E-2;2.147724802E0
1.913324958E0;-2.083159685E0;-4.960301816E-1;-1.003085822E-1;2.143749525E0
1.923246958E0;-2.015613317E0;-4.829041064E-1;-9.283167869E-2;2.074731583E0
1.933168958E0;-1.923121691E0;-3.252457976E-1;-5.873335898E-2;1.951315319E0
1.943090958E0;-1.825680017E0;-1.594088674E-1;-3.128147870E-2;1.832893135E0
1.953013958E0;-1.779787540E0;-1.002464741E-1;-1.507560909E-2;1.782672241E0
1.962935958E0;-1.801415443E0;-1.481801271E-1;-3.771505784E-3;1.807503575E0
1.972857958E0;-1.848078728E0;-2.664678991E-1;1.261998434E-2;1.867233084E0
1.982780958E0;-1.891342282E0;-3.863156438E-1;3.794635087E-2;1.930765478E0
1.992702958E0;-1.925680041E0;-4.485848844E-1;5.796506628E-2;1.978087958E0
2.002624958E0;-1.941450119E0;-4.156972766E-1;6.921518594E-2;1.986661404E0
2.012546958E0;-1.924915552E0;-3.853169978E-1;4.907049984E-2;1.963715098E0
2.022469958E0;-1.899419308E0;-3.968324959E-1;1.628405973E-2;1.940498623E0
2.032391958E0;-1.893421888E0;-4.477404356E-1;-8.582143113E-3;1.945659682E0
2.042313958E0;-1.908975959E0;-4.853904843E-1;-2.051568218E-2;1.969825887E0
2.052236958E0;-1.952798486E0;-4.929879606E-1;-3.477291390E-2;2.014365461E0
2.062158958E0;-2.033134460E0;-4.848042727E-1;-4.043050110E-2;2.090527575E0
2.072080958E0;-2.137094259E0;-4.952726364E-1;-2.932724915E-2;2.193929567E0
2.082002833E0;-2.213559151E0;-4.911765158E-1;-7.834620774E-3;2.267412592E0
2.091925833E0;-2.242532969E0;-4.739426672E-1;4.320459440E-2;2.292475170E0
2.101847833E0;-2.220095873E0;-4.200376570E-1;9.878228605E-2;2.261639949E0
2.111769833E0;-2.175479650E0;-3.652716279E-1;1.360947788E-1;2.210125983E0
2.121692833E0;-2.137589216E0;-2.749085426E-1;1.366380900E-1;2.159521320E0
2.131614833E0;-2.117123604E0;-1.282991171E-1;7.468897849E-2;2.122322186E0
2.141536833E0;-2.091051579E0;2.682367153E-2;-1.143034734E-2;2.091254854E0
2.151458833E0;-2.074709892E0;7.035490125E-2;-8.526941389E-2;2.077652960E0
2.161381833E0;-2.085562468E0;2.558823116E-2;-1.590714753E-1;2.091776589E0
2.171303833E0;-2.113686323E0;-1.432761550E-1;-1.899119467E-1;2.127031847E0
2.181225833E0;-2.127062082E0;-3.093369007E-1;-2.043556422E-1;2.159130299E0
2.191148833E0;-2.128965139E0;-3.578386605E-1;-2.218629867E-1;2.170199128E0
2.201070833E0;-2.099369049E0;-3.415250778E-1;-2.486352921E-1;2.141450278E0
2.210992833E0;-2.030945778E0;-3.306045234E-1;-2.751811743E-1;2.075997298E0
2.220914833E0;-1.946258187E0;-2.922151387E-1;-3.131859303E-1;1.992836181E0
2.230837833E0;-1.868430734E0;-2.952194512E-1;-3.438058794E-1;1.922599910E0
2.240759833E0;-1.825398207E0;-3.793090284E-1;-3.391110301E-1;1.894980275E0
2.250681833E0;-1.810610533E0;-4.707931578E-1;-3.132093847E-1;1.896854453E0
2.260604833E0;-1.807519555E0;-5.529709458E-1;-2.864614129E-1;1.911796001E0
2.270526833E0;-1.790297627E0;-6.126142740E-1;-2.431608140E-1;1.907770695E0
2.280448833E0;-1.749729037E0;-6.226314306E-1;-2.332756817E-1;1.871801043E0
2.290371833E0;-1.706150413E0;-5.979926586E-1;-2.485079020E-1;1.824911129E0
2.300293833E0;-1.664018273E0;-5.669808388E-1;-2.565616071E-1;1.776583222E0
2.310215833E0;-1.636894822E0;-5.317983627E-1;-2.577935755E-1;1.740313674E0
2.320137833E0;-1.631388426E0;-5.025799274E-1;-2.164272964E-1;1.720713676E0
2.330060833E0;-1.634104609E0;-5.060889125E-1;-1.503915638E-1;1.717277346E0
2.339982833E0;-1.648228645E0;-5.683866739E-1;-7.980916649E-2;1.745305297E0
2.349904833E0;-1.661244631E0;-6.081830859E-1;-3.856346011E-2;1.769493580E0
2.359827833E0;-1.667568684E0;-5.646432042E-1;-1.170101110E-2;1.760609036E0
2.369749833E0;-1.631452680E0;-4.713726640E-1;2.157625183E-2;1.698321397E0
2.379671833E0;-1.544124246E0;-3.567383289E-1;8.510929346E-2;1.587080815E0
2.389593833E0;-1.419100523E0;-1.691361964E-1;1.711046249E-1;1.439350597E0
2.399516833E0;-1.286848187E0;7.313141972E-2;2.444957048E-1;1.311908767E0
2.409438833E0;-1.164281011E0;2.223163843E-1;2.915489674E-1;1.220645586E0
2.419360833E0;-1.047675848E0;3.202009201E-1;3.298038542E-1;1.144082119E0
2.429283833E0;-9.106727839E-1;4.160483479E-1;3.605950475E-1;1.064166310E0
2.439205833E0;-7.712888122E-1;4.481625557E-1;3.933328688E-1;9.749086387E-1
2.449127833E0;-6.214959025E-1;4.285323918E-1;3.823893964E-1;8.462380387E-1
2.459049833E0;-4.802066088E-1;3.849508464E-1;3.589524031E-1;7.124832412E-1
2.468972833E0;-3.355287910E-1;3.570902050E-1;3.137398958E-1;5.818296196E-1
2.478894833E0;-1.799082309E-1;3.732781112E-1;2.379756421E-1;4.778450859E-1
2.488816833E0;-2.017981745E-2;3.589471281E-1;1.481701136E-1;3.888504190E-1
2.498739833E0;1.337427348E-1;2.979281843E-1;8.837164938E-2;3.383162286E-1
2.508661833E0;2.629593015E-1;2.536725700E-1;6.240130216E-2;3.706633102E-1
2.518583833E0;3.713126481E-1;2.505019903E-1;4.942225292E-2;4.506294363E-1
2.528505833E0;4.663371742E-1;2.595682144E-1;3.621963039E-2;5.349372670E-1
2.538428833E0;5.668705702E-1;2.639036179E-1;2.334442735E-2;6.257254391E-1
2.548350833E0;6.796791553E-1;2.401836365E-1;1.337914448E-2;7.209930201E-1
2.558272833E0;7.929531932E-1;2.118391395E-1;4.713861272E-4;8.207623345E-1
2.568195833E0;9.102166891E-1;1.870941073E-1;-8.052593097E-3;9.292811579E-1
2.578117833E0;1.048936009E0;2.172608376E-1;-4.476607777E-3;1.071209159E0
2.588039833E0;1.250918627E0;3.277820349E-1;-7.902497426E-3;1.293174746E0
2.597961833E0;1.544062495E0;5.691215396E-1;-4.666634649E-2;1.646270350E0
2.607884833E0;1.895640492E0;8.449938893E-1;-1.004193276E-1;2.077871890E0
2.617806833E0;2.252645493E0;1.096647024E0;-1.344120353E-1;2.509006378E0
2.627728833E0;2.592528582E0;1.226553321E0;-1.410726011E-1;2.871504653E0
2.637651833E0;2.867389202E0;1.154877305E0;-1.231614128E-1;3.093675995E0
2.647573833E0;3.067625523E0;9.249892831E-1;-8.922208846E-2;3.205291266E0
2.657495833E0;3.212694883E0;6.835547090E-1;-4.344630241E-2;3.284896198E0
2.667417833E0;3.341856241E0;5.079160333E-1;2.083121985E-2;3.380298178E0
2.677340833E0;3.458848953E0;3.766568303E-1;1.183237061E-1;3.481308224E0
2.687262833E0;3.543570518E0;3.346558213E-1;2.181032896E-1;3.566013963E0
2.697184833E0;3.607741833E0;2.950585186E-1;2.821954489E-1;3.630770570E0
2.707107833E0;3.635956526E0;2.112205923E-1;3.149177134E-1;3.655676020E0
2.717029833E0;3.608913898E0;3.589988127E-2;3.253759146E-1;3.623729821E0
2.726951833E0;3.517713308E0;-3.192749918E-1;3.226078153E-1;3.546874574E0
2.736873833E0;3.407467127E0;-6.777678728E-1;2.680421770E-1;3.484544177E0
2.746796833E0;3.258515120E0;-8.843109608E-1;1.541654021E-1;3.379895506E0
2.756718833E0;3.061174631E0;-8.833587170E-1;5.088955536E-2;3.186487485E0
2.766640833E0;2.831826210E0;-7.654280663E-1;-1.172429323E-2;2.933471879E0
2.776563833E0;2.590689898E0;-5.557323694E-1;-2.706363238E-2;2.649763207E0
2.786485833E0;2.347968817E0;-3.508468568E-1;-4.635903239E-2;2.374489470E0
2.796407833E0;2.104427338E0;-1.740430892E-1;-7.233200967E-2;2.112850524E0
2.806330833E0;1.874967217E0;-9.179535508E-2;-1.179085523E-1;1.880912247E0
2.816252833E0;1.665580750E0;-4.798600078E-2;-1.996977627E-1;1.678195783E0
2.826174833E0;1.489467502E0;-2.050776966E-2;-2.371918857E-1;1.508374621E0
2.836096833E0;1.358357191E0;6.038540974E-2;-2.076043338E-1;1.375456366E0
2.846019833E0;1.283797264E0;1.674442291E-1;-1.649245173E-1;1.305133358E0
2.855941833E0;1.263210893E0;2.189755291E-1;-1.324332654E-1;1.288871837E0
2.865863833E0;1.264422417E0;2.741639316E-1;-8.781465888E-2;1.296781139E0
2.875786833E0;1.262879968E0;3.017584085E-1;-3.559511155E-2;1.298919151E0
2.885708833E0;1.264377952E0;2.833330631E-1;2.346900664E-2;1.295947539E0
2.895630833E0;1.271722794E0;1.285878271E-1;4.756524786E-2;1.279091922E0
2.905552833E0;1.279945016E0;-3.319707885E-2;6.116973981E-2;1.281835803E0
2.915475833E0;1.296672344E0;-5.901315436E-2;5.979621410E-2;1.299391130E0
2.925397833E0;1.283590913E0;-5.436513945E-2;4.325372353E-2;1.285469597E0
2.935319833E0;1.221831203E0;-2.377967909E-2;3.765251860E-2;1.222642496E0
2.945242833E0;1.107706428E0;-2.550567314E-2;2.451994084E-2;1.108271310E0
2.955164833E0;9.451197982E-1;2.532308176E-2;1.001512259E-2;9.455120275E-1
2.965086833E0;7.254161835E-1;6.397193670E-2;2.270561829E-2;7.285853368E-1
2.975008833E0;4.686812460E-1;6.842237711E-2;2.895267680E-2;4.745334441E-1
2.984931833E0;2.124068439E-1;7.538814098E-2;2.684158832E-2;2.269812988E-1
2.994853833E0;-2.704405598E-2;8.883373439E-2;2.026350610E-2;9.504432129E-2
3.004775833E0;-2.198787481E-1;9.419734031E-2;1.762564667E-2;2.398550942E-1
3.014698833E0;-3.463870585E-1;1.146215945E-1;8.008858189E-3;3.649469085E-1
3.024620833E0;-4.136230946E-1;1.680731028E-1;-1.486643101E-3;4.464693073E-1
3.034542833E0;-4.258091748E-1;2.196218073E-1;-6.450742483E-3;4.791542587E-1
3.044464833E0;-3.993474543E-1;2.679688334E-1;-1.197307371E-2;4.810707219E-1
3.054387833E0;-3.519171476E-1;2.842699587E-1;3.248360474E-3;4.523998675E-1
3.064309833E0;-2.871245444E-1;2.775747776E-1;8.225542493E-3;3.994445152E-1
3.074231833E0;-2.236572951E-1;2.685344517E-1;1.886521652E-2;3.499846194E-1
3.084155583E0;-1.705251038E-1;2.460174114E-1;2.578384243E-2;3.004466413E-1
3.094077583E0;-1.533087045E-1;1.993747950E-1;3.287945688E-2;2.536433055E-1
3.103999583E0;-1.559502929E-1;1.895064563E-1;4.807492346E-2;2.500887624E-1
3.113921583E0;-1.603596658E-1;1.720950007E-1;6.616483629E-2;2.443556777E-1
3.123844583E0;-1.946920753E-1;1.728731841E-1;9.627613425E-2;2.775954538E-1
3.133766583E0;-2.084475905E-1;2.603627443E-1;1.195608526E-1;3.543077110E-1
3.143688583E0;-2.125738859E-1;3.481096625E-1;1.663318276E-1;4.404932134E-1
3.153611583E0;-2.104872465E-1;3.989833593E-1;1.972345710E-1;4.923353308E-1
3.163533583E0;-2.179757804E-1;4.381762743E-1;2.129272521E-1;5.337133152E-1
3.173455583E0;-2.373413295E-1;4.846016467E-1;2.300520092E-1;5.865949110E-1
3.183377583E0;-2.783041894E-1;5.706343055E-1;2.517655790E-1;6.829807019E-1
3.193300583E0;-3.513052166E-1;6.768091321E-1;2.958863974E-1;8.179454240E-1
3.203222583E0;-4.447134435E-1;7.581756115E-1;3.384881914E-1;9.418994428E-1
3.213144583E0;-5.440154672E-1;7.705460787E-1;3.962613344E-1;1.023091948E0
3.223067583E0;-6.238964796E-1;7.147909403E-1;4.473439455E-1;1.048946858E0
3.232989583E0;-6.533340812E-1;6.148775816E-1;5.033564568E-1;1.028731055E0
3.242911583E0;-6.517729163E-1;4.665349722E-1;5.564905405E-1;9.757789383E-1
3.252834583E0;-6.157020330E-1;3.169409037E-1;6.107968092E-1;9.233706038E-1
3.262756583E0;-5.530666113E-1;2.088620961E-1;6.992643476E-1;9.156837224E-1
3.272678583E0;-4.820780158E-1;1.017641723E-1;8.261671662E-1;9.619289717E-1
3.282600583E0;-4.234479964E-1;-7.454001904E-2;9.940701127E-1;1.083069623E0
3.292523583E0;-3.329865038E-1;-1.283350140E-1;1.157182097E0;1.210958420E0
3.302445583E0;-2.259082496E-1;-8.781741560E-2;1.337822676E0;1.359601393E0
3.312367583E0;-1.246836334E-1;-8.498594165E-2;1.521499515E0;1.528963502E0
3.322290583E0;-4.385656863E-2;-1.292383671E-1;1.670007229E0;1.675574558E0
3.332212583E0;1.267580315E-2;-1.548590660E-1;1.794692636E0;1.801406024E0
3.342134583E0;5.062451959E-2;-1.484565586E-1;1.901020408E0;1.907480218E0
3.352056583E0;6.149978191E-2;-1.496217400E-1;1.985843897E0;1.992421861E0
3.361979583E0;5.284850299E-2;-1.706852168E-1;2.045659542E0;2.053448166E0
3.371901583E0;4.163444415E-2;-1.817709208E-1;2.103738785E0;2.111987445E0
3.381823583E0;5.517315492E-2;-1.504231244E-1;2.143720150E0;2.149699345E0
3.391746583E0;8.945764601E-2;-8.173750341E-2;2.170710087E0;2.174089688E0
3.401668583E0;1.596697420E-1;6.886371411E-3;2.181306362E0;2.187153240E0
3.411590583E0;2.435325831E-1;6.533586234E-2;2.200916529E0;2.215312723E0
3.421512583E0;3.133593202E-1;1.295297593E-1;2.223967552E0;2.249667463E0
3.431435583E0;3.603689075E-1;1.991676539E-1;2.261328459E0;2.298508191E0
3.441357583E0;3.746985793E-1;3.467216790E-1;2.307449579E0;2.363247450E0
3.451279583E0;3.578854203E-1;4.651618898E-1;2.376887798E0;2.448275549E0
3.461202583E0;3.158628643E-1;5.166687369E-1;2.445936441E0;2.519785905E0
3.471124583E0;2.475161254E-1;4.934408367E-1;2.492115736E0;2.552525991E0
3.481046583E0;1.690769643E-1;4.480198026E-1;2.494204283E0;2.539756635E0
3.490968583E0;1.025203094E-1;3.887229264E-1;2.461365223E0;2.493979689E0
3.500891583E0;6.687895954E-2;3.352021873E-1;2.450459957E0;2.474184169E0
3.510813583E0;7.076278329E-2;2.825118303E-1;2.467280388E0;2.484409954E0
3.520735583E0;9.281748533E-2;2.471224070E-1;2.441638708E0;2.455867291E0
3.530658583E0;1.202006638E-1;2.261870801E-1;2.360655546E0;2.374511192E0
3.540580583E0;1.574503034E-1;1.989895552E-1;2.248030663E0;2.262306191E0
3.550502583E0;1.871575564E-1;1.750385910E-1;2.113765240E0;2.129241637E0
3.560424583E0;1.936263740E-1;1.458098739E-1;1.958830833E0;1.973770485E0
3.570347583E0;1.751671731E-1;1.540272385E-1;1.794608593E0;1.809703824E0
3.580269583E0;1.319965273E-1;1.704932898E-1;1.660183907E0;1.674127130E0
3.590191583E0;6.110326201E-2;1.666087061E-1;1.560233593E0;1.570293264E0
3.600114583E0;6.461853161E-3;1.078772172E-1;1.496690035E0;1.500586655E0
3.610036583E0;7.587440312E-3;7.178766280E-2;1.465806842E0;1.467583298E0
3.619958583E0;8.609823138E-2;9.714095294E-2;1.442871928E0;1.448698958E0
3.629880583E0;1.572415233E-1;1.419598609E-1;1.414902210E0;1.430673185E0
3.639803583E0;2.054354250E-1;1.558631659E-1;1.385582447E0;1.409374243E0
3.649725583E0;2.108528763E-1;1.625541747E-1;1.371734977E0;1.397333046E0
3.659647583E0;1.651713997E-1;1.772345752E-1;1.393995047E0;1.414890765E0
3.669570583E0;8.732771873E-2;1.754518151E-1;1.443671107E0;1.456913085E0
3.679492583E0;3.410443664E-2;1.559649408E-1;1.502817988E0;1.511274324E0
3.689414583E0;1.673761755E-2;1.422087401E-1;1.535316348E0;1.541979171E0
3.699336583E0;-2.868840471E-3;1.844304949E-1;1.572103858E0;1.582887671E0
3.709259583E0;-4.086952657E-2;2.003747672E-1;1.609748244E0;1.622685976E0
3.719181583E0;-1.011627018E-1;1.934542656E-1;1.630059838E0;1.644613487E0
3.729103583E0;-1.464753896E-1;1.601070762E-1;1.637020111E0;1.651340110E0
3.739026583E0;-1.478426605E-1;1.536331922E-1;1.635235786E0;1.649077526E0
3.748948583E0;-1.247611716E-1;1.435608566E-1;1.607473016E0;1.618686062E0
3.758870583E0;-1.011956632E-1;1.601917595E-1;1.564727426E0;1.576157948E0
3.768792583E0;-1.119573712E-1;1.428111643E-1;1.484240651E0;1.495292544E0
3.778715583E0;-1.518563181E-1;1.216539443E-1;1.372699142E0;1.386420916E0
3.788637583E0;-1.876868904E-1;1.568652093E-1;1.246596575E0;1.270368483E0
3.798559583E0;-2.337574363E-1;1.671346277E-1;1.096124291E0;1.133165912E0
3.808482583E0;-2.689479887E-1;1.903415322E-1;9.358273149E-1;9.921369274E-1
3.818404583E0;-2.983149290E-1;1.812542975E-1;7.848332524E-1;8.589575958E-1
3.828326583E0;-2.985092998E-1;1.703915596E-1;6.277103424E-1;7.156544974E-1
3.838248583E0;-2.742782831E-1;1.622241884E-1;4.565896988E-1;5.567938729E-1
3.848171583E0;-2.248732001E-1;1.443455666E-1;2.909263372E-1;3.950211797E-1
3.858093583E0;-1.617933065E-1;8.910948038E-2;1.006325409E-1;2.103437230E-1
3.868015583E0;-7.721352577E-2;1.312447339E-1;-8.791961521E-2;1.758322140E-1
3.877938583E0;1.117226202E-2;6.888230145E-2;-2.370544970E-1;2.471121718E-1
3.887860583E0;8.668056875E-2;9.699339978E-3;-3.326644301E-1;3.439087398E-1
3.897782583E0;1.480451226E-1;-1.419507340E-2;-3.882361054E-1;4.157476783E-1
3.907704583E0;1.825584024E-1;-5.962185562E-2;-4.359768033E-1;4.764012059E-1
3.917627583E0;2.046924680E-1;-8.987883478E-2;-4.811400175E-1;5.305402227E-1
3.927549583E0;2.190071493E-1;-1.338259280E-1;-4.999407530E-1;5.619735465E-1
3.937471583E0;2.276054323E-1;-1.724412292E-1;-5.251992345E-1;5.978080346E-1
3.947394583E0;2.409678251E-1;-1.922128350E-1;-5.558115244E-1;6.355609469E-1
3.957316583E0;2.581422925E-1;-2.199326158E-1;-6.052240729E-1;6.937607492E-1
3.967238583E0;2.820532918E-1;-2.132649422E-1;-6.726641655E-1;7.599428100E-1
3.977160583E0;3.026166260E-1;-2.082760483E-1;-7.647725344E-1;8.484295869E-1
3.987083583E0;2.935902774E-1;-2.878940701E-1;-8.953354359E-1;9.852430103E-1
3.997005583E0;2.860527337E-1;-2.821035683E-1;-1.058697939E0;1.132364745E0
4.006927583E0;2.560120523E-1;-3.325288594E-1;-1.247554660E0;1.316248549E0
4.016850583E0;2.575428188E-1;-4.343971908E-1;-1.460215330E0;1.545075413E0
4.026772583E0;2.698978484E-1;-4.893838763E-1;-1.690392256E0;1.780384061E0
4.036694583E0;3.223155439E-1;-4.266232848E-1;-1.891103506E0;1.965239733E0
4.046616583E0;3.729457557E-1;-4.640618861E-1;-2.041208982E0;2.126258705E0
4.056539583E0;4.112198949E-1;-5.293138027E-1;-2.156745672E0;2.258501007E0
4.066461583E0;4.089272320E-1;-6.950467229E-1;-2.274387836E0;2.413120689E0
4.076383583E0;3.789496422E-1;-8.059924245E-1;-2.419844151E0;2.578540737E0
4.086306333E0;3.423305750E-1;-8.654937148E-1;-2.590912819E0;2.753016315E0
4.096228333E0;3.066050708E-1;-8.965344429E-1;-2.732542276E0;2.892156284E0
4.106150333E0;2.083691806E-1;-1.029940724E0;-2.895853043E0;3.080610403E0
4.116072333E0;3.821369633E-2;-9.660215974E-1;-3.000933170E0;3.152817455E0
4.125995333E0;-1.308980733E-1;-8.672009706E-1;-3.075323343E0;3.197934567E0
4.135917333E0;-2.973611057E-1;-7.737581730E-1;-3.090787649E0;3.200014630E0
4.145839333E0;-4.454070628E-1;-7.200851440E-1;-3.109688044E0;3.222897733E0
4.155762333E0;-5.558464527E-1;-6.318168044E-1;-3.151004553E0;3.261439474E0
4.165684333E0;-6.088576913E-1;-5.818325281E-1;-3.248531342E0;3.355919048E0
4.175606333E0;-6.397902966E-1;-6.143097878E-1;-3.388519287E0;3.502680559E0
4.185528333E0;-6.687232852E-1;-6.902125478E-1;-3.527046204E0;3.655631151E0
4.195451333E0;-7.133602500E-1;-8.768665791E-1;-3.641846418E0;3.813243131E0
4.205373333E0;-7.782718539E-1;-1.083685875E0;-3.719872952E0;3.951902950E0
4.215295333E0;-8.478264809E-1;-1.258316755E0;-3.778607368E0;4.071860072E0
4.225218333E0;-8.482781053E-1;-1.292981744E0;-3.837082624E0;4.136977230E0
4.235140333E0;-8.175063729E-1;-1.272362828E0;-3.852644682E0;4.138851880E0
4.245062333E0;-7.850791812E-1;-1.165337563E0;-3.805134058E0;4.056279842E0
4.254984333E0;-7.398967743E-1;-1.068794727E0;-3.682687044E0;3.905374921E0
4.264907333E0;-6.565064788E-1;-9.585837126E-1;-3.508097410E0;3.695487915E0
4.274829333E0;-5.530573130E-1;-7.965421081E-1;-3.288154840E0;3.428164812E0
4.284751333E0;-4.418471158E-1;-6.698343158E-1;-3.057046890E0;3.160607944E0
4.294674333E0;-3.391457796E-1;-5.819004774E-1;-2.806180477E0;2.885875412E0
4.304596333E0;-2.578876317E-1;-5.263434052E-1;-2.545479298E0;2.612088870E0
4.314518333E0;-1.562142670E-1;-4.541046321E-1;-2.325614929E0;2.374678655E0
4.324440333E0;-3.888488188E-2;-3.584998548E-1;-2.164085150E0;2.193923133E0
4.334363333E0;7.089062035E-2;-2.928148508E-1;-2.043829918E0;2.065915475E0
4.344285333E0;1.784544736E-1;-2.392576933E-1;-1.965149641E0;1.987687942E0
4.354207333E0;2.666637003E-1;-2.916364670E-1;-1.919133425E0;1.959396453E0
4.364130333E0;2.929762006E-1;-4.421610832E-1;-1.896991014E0;1.969750336E0
4.374052333E0;2.936347723E-1;-5.950745344E-1;-1.895840049E0;2.008617577E0
4.383974333E0;2.797651291E-1;-6.919308305E-1;-1.914036989E0;2.054403660E0
4.393896333E0;2.531886697E-1;-7.143384218E-1;-1.932486296E0;2.075785915E0
4.403819333E0;2.195296139E-1;-6.420000196E-1;-1.942187428E0;2.057291735E0
4.413741333E0;2.084971964E-1;-6.109646559E-1;-1.950759172E0;2.054801752E0
4.423663333E0;1.446253955E-1;-6.548120379E-1;-1.962137818E0;2.073567006E0
4.433586333E0;5.003684387E-2;-6.509669423E-1;-1.989205360E0;2.093609231E0
4.443508333E0;-2.437480539E-2;-6.479620934E-1;-2.011664629E0;2.113585481E0
4.453430333E0;-9.001373500E-2;-6.144009233E-1;-2.080805063E0;2.171483520E0
4.463352333E0;-1.615771502E-1;-5.481466055E-1;-2.067229509E0;2.144763325E0
4.473275333E0;-2.258549482E-1;-4.031513035E-1;-2.045051336E0;2.096610693E0
4.483197333E0;-3.487609923E-1;-4.688319862E-1;-1.995386004E0;2.079183245E0
4.493119333E0;-4.451264143E-1;-4.880440235E-1;-1.969341278E0;2.077168641E0
4.503042333E0;-4.637045264E-1;-4.309544265E-1;-1.948394775E0;2.048654633E0
4.512964333E0;-4.581960440E-1;-4.234563112E-1;-1.926764369E0;2.025260427E0
4.522886333E0;-4.082855880E-1;-4.639708996E-1;-1.886279225E0;1.984947212E0
4.532808333E0;-3.331900239E-1;-4.790321589E-1;-1.832675695E0;1.923327223E0
4.542731333E0;-2.492637336E-1;-4.431501329E-1;-1.767030120E0;1.838725073E0
4.552653333E0;-1.649648249E-1;-4.187598228E-1;-1.667123795E0;1.726810623E0
4.562575333E0;-8.701067418E-2;-3.125277162E-1;-1.564531207E0;1.597811731E0
4.572498333E0;3.602923080E-2;-7.920046151E-2;-1.490403771E0;1.492941466E0
4.582420333E0;1.546190679E-1;-3.412576765E-2;-1.360122681E0;1.369308340E0
4.592342333E0;2.314882874E-1;3.500616550E-2;-1.240582943E0;1.262481009E0
4.602265333E0;2.941317558E-1;1.300233454E-1;-1.168331742E0;1.211783240E0
4.612187333E0;3.664685488E-1;2.093847543E-1;-1.108790636E0;1.186405431E0
4.622109333E0;3.981800675E-1;2.320217490E-1;-1.025760770E0;1.124529508E0
4.632031333E0;4.150157571E-1;1.996496916E-1;-9.712631106E-1;1.074918652E0
4.641954333E0;4.109351337E-1;2.327397317E-1;-9.082489610E-1;1.023695092E0
4.651876333E0;4.160374999E-1;1.336192638E-1;-8.515915275E-1;9.571569561E-1
4.661798333E0;3.899837136E-1;6.812720746E-2;-8.093948960E-1;9.010264763E-1
4.671721333E0;3.556100130E-1;5.306383595E-2;-7.717585564E-1;8.514020915E-1
4.681643333E0;3.347162902E-1;-1.046267673E-1;-7.652546763E-1;8.417817265E-1
4.691565333E0;2.852904201E-1;-9.701705724E-2;-7.555783391E-1;8.134504040E-1
4.701487333E0;2.858997583E-1;-1.656869352E-1;-7.369848490E-1;8.076741298E-1
4.711410333E0;2.891797125E-1;-1.962048709E-1;-6.830667853E-1;7.672688517E-1
4.721332333E0;2.939368188E-1;-3.337571025E-1;-6.544276476E-1;7.912447174E-1
4.731254333E0;2.486976832E-1;-4.182320535E-1;-6.336488724E-1;7.989239524E-1
4.741177333E0;1.763345301E-1;-4.330299199E-1;-6.205754280E-1;7.769959072E-1
4.751099333E0;1.025061160E-1;-4.588434100E-1;-5.893945694E-1;7.539434575E-1
4.761021333E0;4.125367850E-2;-4.802102149E-1;-5.251277089E-1;7.127852602E-1
4.770943333E0;-4.006195068E-2;-5.593748093E-1;-4.351714849E-1;7.098446016E-1
4.780866333E0;-1.208469346E-1;-5.526039600E-1;-3.894484639E-1;6.867643150E-1
4.790788333E0;-1.740899235E-1;-4.581304789E-1;-2.598710060E-1;5.547285615E-1
4.800710333E0;-2.090630084E-1;-3.833532631E-1;-8.610716462E-2;4.450634895E-1
4.810633333E0;-2.888576984E-1;-2.441274673E-1;9.982036054E-2;3.911535435E-1
4.820555333E0;-3.239991069E-1;-1.547585875E-1;2.517579198E-1;4.385290091E-1
4.830477333E0;-3.419117928E-1;1.298114471E-2;3.672216535E-1;5.019202396E-1
4.840399333E0;-3.255119622E-1;1.422865689E-1;4.921677411E-1;6.069864830E-1
4.850322333E0;-3.130859137E-1;2.571481764E-1;6.237459779E-1;7.437788777E-1
4.860244333E0;-2.929175496E-1;3.682978749E-1;7.441344857E-1;8.804431545E-1
4.870166333E0;-2.654608786E-1;4.834276438E-1;8.539296985E-1;1.016546947E0
4.880089333E0;-2.372778207E-1;5.739277601E-1;9.771675467E-1;1.157821339E0
4.890011333E0;-2.082714736E-1;6.642345190E-1;1.089053512E0;1.292525456E0
4.899933333E0;-1.504136175E-1;7.107521892E-1;1.196305633E0;1.399621412E0
4.909856333E0;-8.811881393E-2;8.385386467E-1;1.342612267E0;1.585408366E0
4.919778333E0;-3.128363937E-2;9.000092149E-1;1.564668775E0;1.805320921E0
4.929700333E0;5.738364160E-2;1.074285984E0;1.770305872E0;2.071561280E0
4.939622333E0;1.984376013E-1;1.392032027E0;1.963216186E0;2.414818510E0
4.949545333E0;3.997400701E-1;1.571193218E0;2.136960506E0;2.682357258E0
4.959467333E0;6.294760108E-1;1.715028644E0;2.268953323E0;2.913024627E0
4.969389333E0;7.496466041E-1;1.927490473E0;2.359484434E0;3.137571728E0
4.979312333E0;7.085724473E-1;2.219357491E0;2.405868530E0;3.349003728E0
4.989234333E0;6.650311351E-1;2.654870987E0;2.429909706E0;3.659927260E0
4.999156333E0;5.634758472E-1;3.041925430E0;2.437408447E0;3.938499117E0
5.009078333E0;4.548947811E-1;3.190703630E0;2.437685728E0;4.041018514E0
5.019001333E0;4.108677208E-1;2.958814383E0;2.400090456E0;3.831948464E0
5.028923333E0;4.182859659E-1;2.491998196E0;2.341619730E0;3.445025561E0
5.038845333E0;3.778685629E-1;2.093136311E0;2.225641966E0;3.078552651E0
5.048768333E0;2.725568116E-1;1.702624679E0;2.119578838E0;2.732367556E0
5.058690333E0;1.114006862E-1;1.174664259E0;2.055068016E0;2.369715338E0
5.068612333E0;-7.635829598E-2;9.017043114E-1;1.962029338E0;2.160662023E0
5.078535333E0;-2.059679329E-1;8.769979477E-1;1.857682347E0;2.064590006E0
5.088457583E0;-2.444295734E-1;9.097127318E-1;1.746625304E0;1.984445269E0
5.098379583E0;-2.236865014E-1;9.213669896E-1;1.688370943E0;1.936375279E0
5.108301583E0;-1.890374422E-1;8.492326140E-1;1.618934035E0;1.837900595E0
5.118224583E0;-2.049500793E-1;6.757418513E-1;1.541150093E0;1.695221282E0
5.128146583E0;-2.200738937E-1;4.325267673E-1;1.431149602E0;1.511191949E0
5.138068583E0;-2.185259312E-1;2.268290073E-1;1.216796160E0;1.256900106E0
5.147991583E0;-2.486164570E-1;-3.232904524E-2;9.880021811E-1;1.019315270E0
5.157913583E0;-3.431112468E-1;-2.900945246E-1;7.606934905E-1;8.834787759E-1
5.167835583E0;-4.650568664E-1;-3.920229971E-1;5.685086250E-1;8.325634967E-1
5.177757583E0;-5.912397504E-1;-3.673364520E-1;4.770636559E-1;8.438543969E-1
5.187680583E0;-6.561255455E-1;-2.782715559E-1;4.981422722E-1;8.695294783E-1
5.197602583E0;-6.391240954E-1;-1.477025598E-1;5.590419769E-1;8.618721411E-1
5.207524583E0;-6.150030494E-1;-1.540418435E-2;6.213287711E-1;8.743657595E-1
5.217447583E0;-6.149870157E-1;1.192124784E-1;6.439432502E-1;8.983782911E-1
5.227369583E0;-6.266668439E-1;2.994328439E-1;6.536904573E-1;9.537728111E-1
5.237291583E0;-6.628870964E-1;3.851449788E-1;7.669650912E-1;1.084431376E0
5.247214583E0;-6.340495944E-1;5.466257334E-1;8.020450473E-1;1.159351042E0
5.257136583E0;-5.072940588E-1;6.581821442E-1;7.167361379E-1;1.097388577E0
5.267058583E0;-4.041830897E-1;5.325195789E-1;6.941850185E-1;9.637602980E-1
5.276980583E0;-3.319748342E-1;4.224230945E-1;6.570309401E-1;8.487274106E-1
5.286903583E0;-3.168936372E-1;2.893316150E-1;5.867328048E-1;7.269042199E-1
5.296825583E0;-3.035566509E-1;1.867993772E-1;4.943335354E-1;6.094311215E-1
5.306747583E0;-2.570211291E-1;5.646240339E-2;3.900590539E-1;4.705251633E-1
5.316670583E0;-2.204820812E-1;-9.367000312E-2;3.320039511E-1;4.094057170E-1
5.326592583E0;-1.824614704E-1;-1.531927194E-2;3.238831758E-1;3.720580329E-1
5.336514583E0;-1.073686779E-1;6.431195885E-2;3.164732456E-1;3.403224592E-1
5.346436583E0;-1.903135888E-2;6.535591930E-2;2.458249182E-1;2.550754382E-1
5.356359583E0;2.347400412E-2;1.462346409E-2;2.093198746E-1;2.111390170E-1
5.366281583E0;4.100399464E-2;5.789796636E-2;1.627510339E-1;1.775426741E-1
5.376203583E0;4.772284254E-2;8.635962009E-2;1.083464548E-1;1.465414888E-1
5.386126583E0;2.522978559E-2;5.297822505E-2;7.217753679E-2;9.302059571E-2
5.396048583E0;-2.565652505E-2;9.863855317E-3;4.019709677E-2;4.869660673E-2
5.405970583E0;-7.810641825E-2;-4.181504995E-2;2.447166294E-2;9.191285689E-2
5.415893583E0;-1.121105775E-1;-8.670739830E-2;5.053305067E-3;1.418185122E-1
5.425815583E0;-1.121883392E-1;-1.002575606E-1;-8.249184117E-3;1.506846076E-1
5.435737583E0;-9.609258920E-2;-1.004072130E-1;-1.046006195E-2;1.393729063E-1
5.445659583E0;-6.137428805E-2;-2.933249809E-2;-2.933281846E-2;7.407842410E-2
5.455582583E0;-4.825989902E-2;-5.777256563E-2;-3.550774604E-2;8.323152781E-2
5.465504583E0;-5.412178114E-2;-7.027903944E-2;-5.271869153E-2;1.031870681E-1
5.475426583E0;-7.718902081E-2;-5.925780162E-2;-5.856639519E-2;1.135766465E-1
5.485349583E0;-7.920663059E-2;-4.542401433E-2;-5.432504416E-2;1.062461380E-1
5.495271583E0;-7.593262941E-2;-4.285211489E-2;-5.153796077E-2;1.012829174E-1
5.505193583E0;-7.603249699E-2;-6.645890325E-2;-3.879686818E-2;1.081800508E-1
5.515116583E0;-6.819691509E-2;-5.979295447E-2;-4.113037512E-2;9.958777229E-2
5.525038583E0;-4.276746139E-2;-4.428936169E-2;-6.137732044E-2;8.693548629E-2
5.534960583E0;-2.226457000E-2;-4.979140684E-2;-7.639046758E-2;9.386372468E-2
5.544882583E0;-1.613796875E-2;-5.751723424E-2;-7.037571818E-2;9.231147263E-2
5.554805583E0;-7.988301106E-3;-3.636590019E-2;-6.220415607E-2;7.249585287E-2
5.564727583E0;-9.700180963E-3;-1.965243556E-2;-5.846747383E-2;6.244002907E-2
5.574649583E0;9.010497481E-3;1.890687644E-2;-4.955537990E-2;5.379957917E-2
5.584572583E0;3.392916173E-2;9.056641161E-2;-3.818101808E-2;1.039771757E-1
5.594494583E0;6.284588948E-3;1.231421381E-1;-4.334745929E-2;1.306999788E-1
5.604416583E0;-3.482554341E-3;3.915562108E-2;-7.166618854E-2;8.173942394E-2
5.614338583E0;-1.660677791E-2;-1.786006428E-2;-8.677607030E-2;9.013796839E-2
5.624261583E0;-1.071506739E-2;-6.981967390E-2;-8.733399957E-2;1.123246501E-1
5.634183583E0;1.005554106E-2;-1.220667139E-1;-7.290215045E-2;1.425346277E-1
5.644105583E0;4.538397118E-2;-1.567642391E-1;-3.220851719E-2;1.663493916E-1
5.654028583E0;7.739003003E-2;-1.610366106E-1;1.131376065E-2;1.790251599E-1
5.663950583E0;9.451416135E-2;-1.808372140E-1;4.805126786E-2;2.096281207E-1
5.673872583E0;6.336691976E-2;-1.901419908E-1;3.445373476E-2;2.033627375E-1
5.683795583E0;-4.707809538E-2;-2.331309915E-1;-1.927420683E-2;2.386166409E-1
